{"loss": [1.396567940711975, 0.45995157957077026, 0.27411431074142456, 0.18446125090122223, 0.1382446438074112, 0.10697567462921143, 0.09206461906433105, 0.07209085673093796, 0.06253904849290848, 0.05477002263069153], "accuracy": [0.5908528566360474, 0.8546411395072937, 0.9112738966941833, 0.9394978284835815, 0.9545771479606628, 0.964648962020874, 0.9712924361228943, 0.9768404364585876, 0.9795291423797607, 0.9818194508552551], "val_loss": [0.5660892724990845, 0.2743622362613678, 0.2114602029323578, 0.15029458701610565, 0.1395949274301529, 0.18795958161354065, 0.14866262674331665, 0.16565921902656555, 0.11907173693180084, 0.16850724816322327], "val_accuracy": [0.8246073126792908, 0.9089460372924805, 0.9313681125640869, 0.9512292146682739, 0.9539608359336853, 0.9438310861587524, 0.956009566783905, 0.9498065114021301, 0.9641475081443787, 0.9524242877960205]}